grade,basis,min,max,effective_year,retrieved,source
15,annual_12mo,35360,65770,2025,,
27,annual_12mo,95824,178232,2025,,
15,annual_12mo,36421,67743,2026,2026-09-26,https://hr.wisc.edu/pay/salary-structure/
15,hourly,36421,67743,2026,2026-09-26,https://hr.wisc.edu/pay/salary-structure/
15,annual_9mo,36421,67743,2026,2026-09-26,https://hr.wisc.edu/pay/salary-structure/
16,annual_12mo,39335,73162,2026,2026-09-26,https://hr.wisc.edu/pay/salary-structure/
16,hourly,39335,73162,2026,2026-09-26,https://hr.wisc.edu/pay/salary-structure/
16,annual_9mo,39335,73162,2026,2026-09-26,https://hr.wisc.edu/pay/salary-structure/
17,annual_12mo,42481,79015,2026,2026-09-26,https://hr.wisc.edu/pay/salary-structure/
17,hourly,42481,79015,2026,2026-09-26,https://hr.wisc.edu/pay/salary-structure/
17,annual_9mo,42481,79015,2026,2026-09-26,https://hr.wisc.edu/pay/salary-structure/
18,annual_12mo,45879,85337,2026,2026-09-26,https://hr.wisc.edu/pay/salary-structure/
18,hourly,45879,85337,2026,2026-09-26,https://hr.wisc.edu/pay/salary-structure/
18,annual_9mo,45879,85337,2026,2026-09-26,https://hr.wisc.edu/pay/salary-structure/
19,annual_12mo,49550,92163,2026,2026-09-26,https://hr.wisc.edu/pay/salary-structure/
19,hourly,49550,92163,2026,2026-09-26,https://hr.wisc.edu/pay/salary-structure/
19,annual_9mo,49550,92163,2026,2026-09-26,https://hr.wisc.edu/pay/salary-structure/
20,annual_12mo,53514,99536,2026,2026-09-26,https://hr.wisc.edu/pay/salary-structure/
20,hourly,53514,99536,2026,2026-09-26,https://hr.wisc.edu/pay/salary-structure/
20,annual_9mo,53514,99536,2026,2026-09-26,https://hr.wisc.edu/pay/salary-structure/
21,annual_12mo,57795,107499,2026,2026-09-26,https://hr.wisc.edu/pay/salary-structure/
21,hourly,57795,107499,2026,2026-09-26,https://hr.wisc.edu/pay/salary-structure/
21,annual_9mo,57795,107499,2026,2026-09-26,https://hr.wisc.edu/pay/salary-structure/
22,annual_12mo,62419,116100,2026,2026-09-26,https://hr.wisc.edu/pay/salary-structure/
22,hourly,62419,116100,2026,2026-09-26,https://hr.wisc.edu/pay/salary-structure/
22,annual_9mo,62419,116100,2026,2026-09-26,https://hr.wisc.edu/pay/salary-structure/
23,annual_12mo,67412,125387,2026,2026-09-26,https://hr.wisc.edu/pay/salary-structure/
23,hourly,67412,125387,2026,2026-09-26,https://hr.wisc.edu/pay/salary-structure/
23,annual_9mo,67412,125387,2026,2026-09-26,https://hr.wisc.edu/pay/salary-structure/
24,annual_12mo,74154,137925,2026,2026-09-26,https://hr.wisc.edu/pay/salary-structure/
24,hourly,74154,137925,2026,2026-09-26,https://hr.wisc.edu/pay/salary-structure/
24,annual_9mo,74154,137925,2026,2026-09-26,https://hr.wisc.edu/pay/salary-structure/
25,annual_12mo,81569,151718,2026,2026-09-26,https://hr.wisc.edu/pay/salary-structure/
25,hourly,81569,151718,2026,2026-09-26,https://hr.wisc.edu/pay/salary-structure/
25,annual_9mo,81569,151718,2026,2026-09-26,https://hr.wisc.edu/pay/salary-structure/
26,annual_12mo,89725,166890,2026,2026-09-26,https://hr.wisc.edu/pay/salary-structure/
26,hourly,89725,166890,2026,2026-09-26,https://hr.wisc.edu/pay/salary-structure/
26,annual_9mo,89725,166890,2026,2026-09-26,https://hr.wisc.edu/pay/salary-structure/
27,annual_12mo,98699,183579,2026,2026-09-26,https://hr.wisc.edu/pay/salary-structure/
27,hourly,98699,183579,2026,2026-09-26,https://hr.wisc.edu/pay/salary-structure/
27,annual_9mo,98699,183579,2026,2026-09-26,https://hr.wisc.edu/pay/salary-structure/
28,annual_12mo,113503,211116,2026,2026-09-26,https://hr.wisc.edu/pay/salary-structure/
28,hourly,113503,211116,2026,2026-09-26,https://hr.wisc.edu/pay/salary-structure/
28,annual_9mo,113503,211116,2026,2026-09-26,https://hr.wisc.edu/pay/salary-structure/
29,annual_12mo,130529,242783,2026,2026-09-26,https://hr.wisc.edu/pay/salary-structure/
29,hourly,130529,242783,2026,2026-09-26,https://hr.wisc.edu/pay/salary-structure/
29,annual_9mo,130529,242783,2026,2026-09-26,https://hr.wisc.edu/pay/salary-structure/
30,annual_12mo,150108,279201,2026,2026-09-26,https://hr.wisc.edu/pay/salary-structure/
30,hourly,150108,279201,2026,2026-09-26,https://hr.wisc.edu/pay/salary-structure/
30,annual_9mo,150108,279201,2026,2026-09-26,https://hr.wisc.edu/pay/salary-structure/
31,annual_12mo,172624,321081,2026,2026-09-26,https://hr.wisc.edu/pay/salary-structure/
31,hourly,172624,321081,2026,2026-09-26,https://hr.wisc.edu/pay/salary-structure/
31,annual_9mo,172624,321081,2026,2026-09-26,https://hr.wisc.edu/pay/salary-structure/
32,annual_12mo,198518,369243,2026,2026-09-26,https://hr.wisc.edu/pay/salary-structure/
32,hourly,198518,369243,2026,2026-09-26,https://hr.wisc.edu/pay/salary-structure/
32,annual_9mo,198518,369243,2026,2026-09-26,https://hr.wisc.edu/pay/salary-structure/
33,annual_12mo,228295,424630,2026,2026-09-26,https://hr.wisc.edu/pay/salary-structure/
33,hourly,228295,424630,2026,2026-09-26,https://hr.wisc.edu/pay/salary-structure/
33,annual_9mo,228295,424630,2026,2026-09-26,https://hr.wisc.edu/pay/salary-structure/
34,annual_12mo,262540,488324,2026,2026-09-26,https://hr.wisc.edu/pay/salary-structure/
34,hourly,262540,488324,2026,2026-09-26,https://hr.wisc.edu/pay/salary-structure/
34,annual_9mo,262540,488324,2026,2026-09-26,https://hr.wisc.edu/pay/salary-structure/
35,annual_12mo,301921,561572,2026,2026-09-26,https://hr.wisc.edu/pay/salary-structure/
35,hourly,301921,561572,2026,2026-09-26,https://hr.wisc.edu/pay/salary-structure/
35,annual_9mo,301921,561572,2026,2026-09-26,https://hr.wisc.edu/pay/salary-structure/
51,annual_12mo,53726,,2026,2026-09-26,https://hr.wisc.edu/pay/salary-structure/
51,hourly,53726,,2026,2026-09-26,https://hr.wisc.edu/pay/salary-structure/
51,annual_9mo,53726,,2026,2026-09-26,https://hr.wisc.edu/pay/salary-structure/
52,annual_12mo,62046,,2026,2026-09-26,https://hr.wisc.edu/pay/salary-structure/
52,hourly,62046,,2026,2026-09-26,https://hr.wisc.edu/pay/salary-structure/
52,annual_9mo,62046,,2026,2026-09-26,https://hr.wisc.edu/pay/salary-structure/
53,annual_12mo,74834,,2026,2026-09-26,https://hr.wisc.edu/pay/salary-structure/
53,hourly,74834,,2026,2026-09-26,https://hr.wisc.edu/pay/salary-structure/
53,annual_9mo,74834,,2026,2026-09-26,https://hr.wisc.edu/pay/salary-structure/
54,annual_12mo,74834,,2026,2026-09-26,https://hr.wisc.edu/pay/salary-structure/
54,hourly,74834,,2026,2026-09-26,https://hr.wisc.edu/pay/salary-structure/
54,annual_9mo,74834,,2026,2026-09-26,https://hr.wisc.edu/pay/salary-structure/
56,annual_12mo,30952,,2026,2026-09-26,https://hr.wisc.edu/pay/salary-structure/
56,hourly,30952,,2026,2026-09-26,https://hr.wisc.edu/pay/salary-structure/
56,annual_9mo,30952,,2026,2026-09-26,https://hr.wisc.edu/pay/salary-structure/
58,annual_12mo,82070,,2026,2026-09-26,https://hr.wisc.edu/pay/salary-structure/
58,hourly,82070,,2026,2026-09-26,https://hr.wisc.edu/pay/salary-structure/
58,annual_9mo,82070,,2026,2026-09-26,https://hr.wisc.edu/pay/salary-structure/
59,annual_12mo,20800,52000,2026,2026-09-26,https://hr.wisc.edu/pay/salary-structure/
59,hourly,20800,52000,2026,2026-09-26,https://hr.wisc.edu/pay/salary-structure/
59,annual_9mo,20800,52000,2026,2026-09-26,https://hr.wisc.edu/pay/salary-structure/
61,annual_12mo,45250,,2026,2026-09-26,https://hr.wisc.edu/pay/salary-structure/
61,hourly,45250,,2026,2026-09-26,https://hr.wisc.edu/pay/salary-structure/
61,annual_9mo,45250,,2026,2026-09-26,https://hr.wisc.edu/pay/salary-structure/
62,annual_12mo,51284,,2026,2026-09-26,https://hr.wisc.edu/pay/salary-structure/
62,hourly,51284,,2026,2026-09-26,https://hr.wisc.edu/pay/salary-structure/
62,annual_9mo,51284,,2026,2026-09-26,https://hr.wisc.edu/pay/salary-structure/
63,annual_12mo,56906,,2026,2026-09-26,https://hr.wisc.edu/pay/salary-structure/
63,hourly,56906,,2026,2026-09-26,https://hr.wisc.edu/pay/salary-structure/
63,annual_9mo,56906,,2026,2026-09-26,https://hr.wisc.edu/pay/salary-structure/
64,annual_12mo,64495,,2026,2026-09-26,https://hr.wisc.edu/pay/salary-structure/
64,hourly,64495,,2026,2026-09-26,https://hr.wisc.edu/pay/salary-structure/
64,annual_9mo,64495,,2026,2026-09-26,https://hr.wisc.edu/pay/salary-structure/
65,annual_12mo,68660,,2026,2026-09-26,https://hr.wisc.edu/pay/salary-structure/
65,hourly,68660,,2026,2026-09-26,https://hr.wisc.edu/pay/salary-structure/
65,annual_9mo,68660,,2026,2026-09-26,https://hr.wisc.edu/pay/salary-structure/
66,annual_12mo,77815,,2026,2026-09-26,https://hr.wisc.edu/pay/salary-structure/
66,hourly,77815,,2026,2026-09-26,https://hr.wisc.edu/pay/salary-structure/
66,annual_9mo,77815,,2026,2026-09-26,https://hr.wisc.edu/pay/salary-structure/
68,annual_12mo,45203,,2026,2026-09-26,https://hr.wisc.edu/pay/salary-structure/
68,hourly,45203,,2026,2026-09-26,https://hr.wisc.edu/pay/salary-structure/
68,annual_9mo,45203,,2026,2026-09-26,https://hr.wisc.edu/pay/salary-structure/
69,annual_12mo,57288,,2026,2026-09-26,https://hr.wisc.edu/pay/salary-structure/
69,hourly,57288,,2026,2026-09-26,https://hr.wisc.edu/pay/salary-structure/
69,annual_9mo,57288,,2026,2026-09-26,https://hr.wisc.edu/pay/salary-structure/
70,annual_12mo,69154,,2026,2026-09-26,https://hr.wisc.edu/pay/salary-structure/
70,hourly,69154,,2026,2026-09-26,https://hr.wisc.edu/pay/salary-structure/
70,annual_9mo,69154,,2026,2026-09-26,https://hr.wisc.edu/pay/salary-structure/
72,annual_12mo,44310,,2026,2026-09-26,https://hr.wisc.edu/pay/salary-structure/
72,hourly,44310,,2026,2026-09-26,https://hr.wisc.edu/pay/salary-structure/
72,annual_9mo,44310,,2026,2026-09-26,https://hr.wisc.edu/pay/salary-structure/
73,annual_12mo,81338,,2026,2026-09-26,https://hr.wisc.edu/pay/salary-structure/
73,hourly,81338,,2026,2026-09-26,https://hr.wisc.edu/pay/salary-structure/
73,annual_9mo,81338,,2026,2026-09-26,https://hr.wisc.edu/pay/salary-structure/
74,annual_12mo,67406,,2026,2026-09-26,https://hr.wisc.edu/pay/salary-structure/
74,hourly,67406,,2026,2026-09-26,https://hr.wisc.edu/pay/salary-structure/
74,annual_9mo,67406,,2026,2026-09-26,https://hr.wisc.edu/pay/salary-structure/
75,annual_12mo,53096,,2026,2026-09-26,https://hr.wisc.edu/pay/salary-structure/
75,hourly,53096,,2026,2026-09-26,https://hr.wisc.edu/pay/salary-structure/
75,annual_9mo,53096,,2026,2026-09-26,https://hr.wisc.edu/pay/salary-structure/
77,annual_12mo,57200,,2026,2026-09-26,https://hr.wisc.edu/pay/salary-structure/
77,hourly,57200,,2026,2026-09-26,https://hr.wisc.edu/pay/salary-structure/
77,annual_9mo,57200,,2026,2026-09-26,https://hr.wisc.edu/pay/salary-structure/
78,annual_12mo,60334,,2026,2026-09-26,https://hr.wisc.edu/pay/salary-structure/
78,hourly,60334,,2026,2026-09-26,https://hr.wisc.edu/pay/salary-structure/
78,annual_9mo,60334,,2026,2026-09-26,https://hr.wisc.edu/pay/salary-structure/
79,annual_12mo,75875,,2026,2026-09-26,https://hr.wisc.edu/pay/salary-structure/
79,hourly,75875,,2026,2026-09-26,https://hr.wisc.edu/pay/salary-structure/
79,annual_9mo,75875,,2026,2026-09-26,https://hr.wisc.edu/pay/salary-structure/
80,annual_12mo,91548,,2026,2026-09-26,https://hr.wisc.edu/pay/salary-structure/
80,hourly,91548,,2026,2026-09-26,https://hr.wisc.edu/pay/salary-structure/
80,annual_9mo,91548,,2026,2026-09-26,https://hr.wisc.edu/pay/salary-structure/
